Time,V1,V2,V3,V4,V5,V6,V7,V8,V9,V10,V11,V12,V13,V14,V15,V16,V17,V18,V19,V20,V21,V22,V23,V24,V25,V26,V27,V28,Amount,Class
0,0.7504511958064572,0.9405647163912139,-1.9510351886538364,-1.302179506862318,0.12784040316728537,-0.3162425923435822,-0.016801157504288795,-0.85304392757358,0.8793979748628286,0.7777919354289483,0.06603069756121605,1.1272412069680329,0.4675093422520456,-0.8592924628832382,0.36875078408249884,-0.9588826008289989,0.8784503013072725,-0.049925910986252896,-0.18486236354526056,-0.6809295444039414,1.2225413386740303,-0.15452948206880215,-0.4283278221631072,-0.3521335504882296,0.5323091855533487,0.36544406436407834,0.4127326115959884,0.43082100300788273,661.12,0
1460,-0.4064150163846156,-0.5122427290715373,-0.8137727282478777,0.6159794225754956,1.1289722927208916,-0.11394745765487507,-0.840156476962528,-0.8244812156912396,0.6505927878247011,0.7432541712034423,0.543154268305195,-0.6655097072886943,0.23216132306671977,0.11668580914072822,0.21868859672901295,0.8714287779481898,0.22359554877468227,0.6789135630718949,0.06757906948889146,0.28911939868998415,0.6312882258385404,-1.4571558198556664,-0.31967121635730134,-0.4703726542927955,-0.6388778482433419,-0.27514225122668373,1.4949413112343959,-0.8658311156932432,1118.42,0
2562,-0.33488502998577485,0.1627530651050056,0.5862223313592781,0.711226579792855,0.7933472351999252,-0.3487250722484376,-0.46235179266456716,0.8579758812571538,-0.1913043248816149,-1.2756863233379219,-1.1332872140034806,-0.9194522860016113,0.49716074405376404,0.14242573607056525,0.6904853540677682,-0.42725264633653426,0.15853969107671423,0.6255903939673367,-0.3093465397202384,0.45677523755741145,-0.6619259410666513,-0.3630538465650718,-0.3817378939983291,-1.1958396455890397,0.4869724807855818,-0.46940234020272387,0.01249411872768743,0.48074665890590895,850.03,0
3018,0.6653851089727862,-0.09848548450942361,-0.42329831204415375,-0.07971821090639905,-1.6873344339580298,-1.4471124724230873,-1.3226996123544024,-0.9972468276014818,0.3997742267234366,-0.9054790553600608,-0.3781625540393897,1.2992282977860654,-0.35626397106142593,0.7375155684670865,-0.933617680009877,-0.20543755786763002,-0.9500220549105812,-0.3390330759005625,0.8403081374573955,-1.7273204231923487,0.43442364354585733,0.2377356023322779,-0.5941499556967944,-1.4460578543884546,0.07212950771386951,-0.5294927090638024,0.23267621135470395,0.02185214552344288,1046.0,0
2040,-1.023497492621865,0.17927563495631615,0.21999668397176517,1.3591875752404365,0.8351112459145785,0.35687105914950934,1.4633028912195618,-1.188763054322851,-0.6397515327497477,-0.9265759414055249,-0.38980980315576796,-1.3766861475563088,0.6351509468144043,-0.22222269709877338,-1.4708062945026579,-1.0155790812075416,0.3135138474501953,0.8381265678943811,1.9967308916917865,2.9138624660073296,0.4144094332759964,-0.9895381200318641,-2.132046280731309,0.2677114623438358,-0.812941095310326,-0.41535726017968533,-0.6120967990598081,-0.14079088641638526,976.52,0
5880,0.15704856744534462,-0.1586348370386883,-1.0356537528258116,-1.674682944704357,-0.4863079090733309,-0.05378255081832049,1.767929913579883,0.13027452147288585,0.9827395110230576,-0.49929559853915206,-1.1849437664170246,-0.9651167622323719,-0.7252260645357532,2.1284697324351645,-0.8213866792243861,0.838489203736345,-0.9029271780870264,0.9315730128742441,0.38495096610586316,-0.1566378976580904,-0.040762526135434025,-0.6547876954293904,0.44607220148208054,-0.45498348034078,-1.2256057637672482,-1.2779375743196193,0.17258791772211948,1.579091256410435,1240.31,0
9408,0.2858261396025429,1.3060017417068248,0.21938250136385634,-0.41092723083373717,1.1062887100598888,0.4287564384616135,1.535755991995992,0.18323443722190613,-1.2244690317205003,-1.368159199245665,1.6509279322312496,1.723665720783297,-0.17951921328260065,-0.38318732113598775,1.4614442922422022,-1.107045682043488,-0.8947270189558264,0.6433267946890444,-0.3946051228595896,-0.005121866720071296,-0.16344289852451258,0.33757454879893356,1.4074818613137168,0.09058490690174555,0.6439387932768579,-2.0501721010310225,-0.04871840193011795,-0.8432302702928711,1340.7,0
11452,-0.6319956421363229,0.5140031248992754,6.519119403684047,-4.517071245723387,0.030631492594417446,-0.4841694333335785,-0.32767309436196085,1.0027578253046041,0.5381154370039261,1.3373981074427437,-0.15450567924990047,-0.695942611670703,-0.22385881688049952,0.2424967912712216,0.17657335845371103,-1.0843880722333665,0.09048978162787422,0.22822833013890514,2.5174740375339204,1.8768446112816701,-0.8532433505588201,-0.2873833615491761,-1.4634420018370031,-0.5907070139634865,0.3156050035903405,1.2058536208882336,-0.7290838377436085,-0.6541464400677965,1118.75,1
5872,1.1238607307926447,-0.09426255425255699,-1.7577283913566313,-1.4670452453909906,2.129247112028298,-1.287422581274031,-1.0967855784546396,1.836913528321314,2.905067169240407,-1.1715666288253417,-0.36824895678803055,0.34155555094050954,1.7286976444055924,-0.9868570784282374,-0.24527784594210975,0.777337576061744,0.43476607446661863,-0.37615607123009925,-0.13382296451604114,-1.3748958083699818,-0.23817374397466523,-0.2663874900089551,0.23216988962625595,-0.555327218819016,0.471538522545139,1.0127158178198286,0.15542932766846604,0.35175640839920347,564.41,0
8262,8.439309141418043e-05,-0.7215580335428474,0.316494261673308,-0.09728659841348947,2.093168308930595,1.5733549024752425,0.3858465525565008,-0.7630572096947675,-1.112411471983418,1.191142953088865,0.2627492251471385,0.4801434033916108,-1.7445859869741926,0.9274384815581808,0.45442033821436295,-1.110430684414478,-0.47152480744994896,0.2637172043565196,0.05246679835624363,-0.292171185803555,-0.10348826806596086,-0.25197737820688537,0.15256251210246857,1.471491972993157,-2.5666584409312976,-0.23685026450968424,0.17651242137244696,0.2959939896870995,759.27,0
3910,0.32799548371410964,1.727350214164185,-1.5338614049161376,0.8638280136981883,-0.3285252231228939,-0.0613243458288473,-1.052898510703949,-0.33445617235587666,1.3000445946989585,0.582655241987707,1.732311605409944,1.1774118889776937,0.4390866789295762,1.743934526167792,0.43899315873829875,0.8279881767970589,-0.29657095353470836,0.06654581585920483,-0.6974238233002769,0.989583934594853,-1.1783036231148656,0.7823503424176613,-0.19065105750515945,1.1712470934673194,0.7508689887312598,1.8206461576468016,0.7307746911386448,-1.5720402556532407,719.43,0
5599,-1.172007192594816,-0.5182798423662747,1.5112284332767216,0.637533810897696,-0.6989304285787463,-1.013717366440399,0.03278209287626079,-1.2165601493811278,-0.6711402773965811,0.31200947155124387,1.1553120361066962,0.6087614722244398,-2.2912895085981,0.3043667290302598,0.07203357323257792,0.41389028537269307,1.6162096816512073,-2.063238276804743,-0.5911034251911056,0.5909063227933546,-1.5815943994539423,1.475949048053509,0.3683566127006584,0.846583985843404,-0.5709436615217945,0.8137636899662105,1.0684715559890383,0.23287802013716835,210.42,0
18300,-0.8633452647393817,-0.14752868024035293,-0.1525225324523588,0.3833938643534951,0.9998242469102946,-1.0585360819784093,-0.12500903031957764,1.4814555476589732,-0.7435882288125641,-0.8222500172903203,0.20230619183119358,0.8443851904853201,0.01142605556065933,1.3289605904369892,0.8567939825665268,0.8418200668900618,0.5541165013240933,2.327653100346085,-0.2051616888660442,-2.003522292066514,1.604254361517141,-0.45769943095682564,0.10788044434303304,1.309550684860527,-1.6022595410589253,-1.2516472141061394,-1.6012779371188537,-0.7941362900254239,409.45,0
18759,0.524187842812771,0.27627417932855375,-1.4127658838923665,-2.310103436632644,0.054353585390382264,-0.47177603363833576,0.45938577171661177,0.7019536262212701,0.13824143205868192,0.7601330853758538,0.22921137411506842,0.5300647056014667,-0.7046732628698824,-0.17961141383145854,0.19677609665695725,0.8205284754174188,-0.3937411722245721,0.5211672557321126,-0.265838791915379,-0.11754216732813036,0.829519042024073,-1.993060371054156,-1.296472328074761,-1.4821853974428207,-2.3336161198483047,-0.6782644401551767,0.7494338997277404,-0.28488406638257474,456.38,0
6720,1.3276861322676916,-0.06913793472613955,1.3535858895693973,0.09212665843410921,-0.8373982238274621,-0.5944003521987352,-1.4805365125650163,-0.8881338537336524,-0.35801668807442916,0.8035850193786016,1.7207698311659838,-1.38218151537704,0.39282746825991893,-1.0405439391575344,0.47469708846320197,-0.1310866506877266,-1.8309058258475304,0.9282969915684843,-0.605000712808731,-0.5339002383735546,-1.06975241128969,-0.6542832766875555,0.4278904406949172,-0.18924434093640552,0.32866200228248105,0.3619218539288437,1.320661655528167,-0.3427861508643793,1048.69,0
21870,1.067222416571983,-0.3314881720972547,1.114592444577377,0.3833771131824704,-0.13113753020334493,0.3487758940462951,1.9510125601262995,2.076980529053753,0.0693811351327787,0.1601905933170753,1.0762401574663856,-0.8456610327673472,0.3330703726182551,-0.0258628479538564,0.3139082114575536,-0.8333688059494058,-1.589567493308969,-2.0729834359912918,-1.1173841129896078,-0.458675284939333,-0.2931915866487618,1.9372311624295169,1.1059933699072981,-0.9620911163416273,0.34770845245095694,-0.4070782363503251,-0.28436383804009513,0.18532564941538202,869.14,0
19584,1.0638515327343585,-1.141938226142404,0.006339062362268442,2.5976737265958323,0.2230797426252751,1.4332145066061728,0.09152017817320818,0.5807770953297967,-0.056783194392691534,-0.17040758116420443,-0.7794823967254196,0.4303013589575532,-0.8515371891857679,0.6655852363134291,1.08528700444591,0.36653140723722993,-0.28624873355569186,0.4539655793086961,-0.3086730555464126,0.9355471254651493,-1.8314060842151236,-0.3356073681186462,-1.9908119951239978,-1.495060830227205,1.3638622298139094,0.895184981971686,-0.7194802332847904,-1.502503456040897,1182.21,0
13158,-0.5434955079326346,2.4204150122474024,0.4348842714636474,-0.5595722860494895,0.46508020950030626,-1.5609583529944429,-0.29732336269763543,0.09947747301573849,-0.08610065182104851,0.7908061216900806,0.34464522623605237,0.668326018107997,-0.6883722822307594,0.8978154084105481,1.6289369476239914,-0.9701495196514126,-0.8876956557145598,1.3357843363202329,-0.19134398669506028,1.403821392066557,-0.4425357118921839,1.4550455762707113,0.13148581680545218,0.2582288233226952,1.5647180216699044,-0.36177047744417123,-0.9411220959249583,-0.44856420802835434,550.55,0
30798,-0.6516840124720388,-3.0059472403161447,4.222282056129281,-4.611878929388391,-0.7865657751041687,-1.686468151234102,-0.8262294663639526,0.24766590110894313,-0.1792266254497549,-0.25337756894801494,-0.1591848713800608,0.20338824061994343,-1.0085360419431078,0.7068496408990508,0.6626659703854839,0.385037937656101,0.5565334427512632,0.2964180008086595,2.0350733027310675,-0.0870941710525099,-0.30708321833457675,-0.7535275803573779,-1.0322626705778368,-1.2444717876010754,-0.8887973132309185,-0.07068038165207131,0.3342951284977145,0.051142058552161786,1019.51,1
6954,0.18797358748610446,-1.4481272594150476,-0.0679802559844049,0.26203581207438104,-0.8996947864877538,0.189843392837443,-1.4548224852577891,1.3361861000121709,1.2479499850594318,-0.25251733430296475,0.36345433783907316,-2.409921965799875,-1.1563476602653329,-0.2937789201521298,-1.0721330214268592,0.7143964826306588,1.997296530747994,-1.176614719429302,-0.8374634040851927,0.23544836830993032,1.6111161484996208,-1.2223743125399031,0.24903612230694197,1.8212988508131087,-1.6517591481792673,-1.281069206845832,-0.42360660646083825,-0.520588412855411,675.07,0
32240,-1.7749620596421283,0.5154104029008109,-0.5775388873556505,1.274447216941239,-0.6275875364369197,-0.6366152831022357,0.5411316108045314,0.7629264823369366,0.4480993639362036,-1.6855973173848082,0.5380344399282511,-1.034308051674399,0.2352761115882635,-1.4237344353990602,0.44632214754306365,-0.8065989043073726,-1.2826346502605217,0.7138201364823995,0.2416445216767513,-0.6139768013928971,1.4511788490210642,-0.44065242156974244,0.03210767397093466,0.2689134476786009,-0.6196659341286136,0.47113629339992935,-0.5334523471647244,-0.4116383222162092,700.14,0
37338,-1.040586052512433,-2.41278033092949,1.6109369950118944,2.549327952607003,-0.40526926544933184,-1.9368380406201853,-0.31048397619594376,-0.2862229498406692,-0.18992384102225704,-1.1133880419218483,0.5795611424764774,0.5245073752860862,-1.4944056198193065,0.6991967316948878,2.052684981945891,0.17196033243705985,-0.33732516206850605,-0.1420032144075213,0.6152567669685612,-1.7306716055072182,0.16439070297730224,-0.3904639494628101,1.8478250129560454,-0.17417273380495787,1.6678876111195198,-1.1037406977820072,0.5872591668027922,0.3194002637912288,1009.06,0
16544,1.2125188368316004,-0.3237917042866007,-1.6919626491697632,-0.01756282647744591,-0.9024230947925126,-0.3423409386638824,-0.08158776968512098,-1.7056522160155172,-1.615658339320678,0.48206683552552526,-0.5227186961696804,-2.564744341820567,0.7848440366081351,0.27236975527423984,-0.713874824036484,-1.3168302110582415,0.8358078963143372,0.3493506225604296,2.3826022826840734,0.42018859872493736,0.3877031412620148,-0.16692793010856513,0.816775867200791,0.6250852012481537,1.251725008565195,-0.5213229186372847,-0.4354074729439623,-0.4791031709119801,953.64,0
22517,1.498374440296732,-0.45884049314930064,-0.42477372779309125,0.3140772238697992,-0.24576150001290142,0.95205365313989,-2.2517772906190467,-0.8267050469168946,-0.7824163339614458,-2.320356012386145,-0.9636384443688041,-0.9151561158459262,-0.20110465451883033,1.1129658916602636,-0.24506065119070236,-1.0308137202711538,-0.056954541213528984,1.0491736214413494,-0.9759588161149049,-0.9105748839214486,0.5585489592742234,-0.22153611573080054,0.6474846907094743,-0.013646791795296761,0.701663648089567,-1.0350781140406409,-0.01208465078826744,-0.21069001436315682,845.45,0
17088,0.6857490352746618,-0.3509523822179781,-1.0222802816473295,-0.09617893692333225,1.1280188573493026,-2.280737845371923,-1.4966386899033264,-0.9228864418952676,1.461178866720329,0.2825869829192965,0.7673172404612268,-1.1401609191262305,-1.1195358752705262,0.4478137167227104,0.05827433093544655,0.5487388188641266,-0.18767099092845213,0.278143726454627,0.15811908490510918,0.7777673890849254,0.8070082819444706,-1.6198719943917699,-2.2472685553408556,1.0017453976515072,1.1877250932619365,-1.0206230195133374,-1.8598354065456286,0.09903482100720092,502.98,0
25850,1.7975945224343146,0.516297572101451,-0.37171669658569495,-0.8931306215848627,0.011451291670654416,-0.2992647038852564,-1.0150679057288161,2.0487556508632867,1.785168402072131,1.1360486835554284,-0.9208503978091276,0.8550193242972788,0.6396264094979018,0.44254562420405297,1.2496652670437771,0.6353711428612774,0.7400142363043355,0.6369062833722101,0.3407914080021059,-1.7836111297141835,0.08362107741055723,-0.5561919588491252,-1.2798409576400205,1.681816619300824,1.7289953408857035,1.359220600295612,0.2552134168558746,1.3506251209526567,1280.79,0
17004,-1.093471370461983,0.39699130449884,0.0603859284244171,-1.3026521168344645,-0.051197111816596905,-0.07972956385680847,1.79756116664464,0.8942133285134095,0.011445439091466015,0.248787309801083,0.044212378104198057,-0.20291398479554773,-1.0824271973882869,-0.15105187760692926,-0.7460982566525134,-1.2503155389231464,0.5112218145475347,0.39126465993323495,-1.786707511368078,-0.12268463749512722,0.9957013858999235,1.0592237388963208,1.0258368428852387,0.0389132069014598,-0.8450453279691511,-1.0836988273580606,0.3446049047503575,0.379280034365163,219.86,0
13203,1.0999796503420836,-0.1322286565311721,-1.2442058788608694,-0.31910659701089783,0.21723119481052466,-0.2020832453894041,-0.5778941080776558,0.2528848149698989,-0.5039577414106104,-0.628066083725374,0.31145283430343956,-0.4019925801292048,0.24410438897835213,0.2732040228521227,-1.1394290010915746,-0.4812411238654122,1.4377769399164624,-1.1620795127342871,-2.116654448970531,-1.8618451532425115,0.029109946576669203,0.03091727803269891,-0.11761085542512094,1.2141898289285016,-2.672834433102938,0.3959338744308236,1.5614382018035733,-1.127780764891714,1090.03,0
41104,-0.8943460460775288,-0.32626200502304,1.4274852836845047,1.8373866754875203,-0.3359392250401477,1.9050602140644701,0.035576476984624864,1.753691026701081,-0.09329864965349177,0.1310578260461443,0.36547447264283456,3.1788536793675353,0.8512855748447891,-0.7072645299514636,0.9689978702758579,-0.3618325370843415,-0.48975018290120914,0.9086013598921112,0.031085587771152785,0.2785759145118061,0.013985221865292462,0.3365831266054347,0.4249658974361492,-1.9369669327054153,0.6665726686095336,-0.9820194198303006,-1.4422991355594112,-0.05841124385868244,1299.03,0
47995,-0.6935061645722808,0.8310318576679744,-1.342175166370907,-0.40694374877255896,-0.5848741349330007,-0.04658727033933937,0.2788642846472388,-1.0078929496235447,0.7242826774562282,0.06300236833469973,-1.8919462533119105,-1.958591440397031,-0.012319292929311235,-0.2209673177863541,-0.1034201135746335,-0.02798245653021798,0.22555983951018072,0.9476496098482997,-1.1111049009175582,-1.1719715929007948,-1.0933238578873825,0.2889166671687069,1.2449473786464456,-0.4313394382395105,-2.5016998441596545,-1.7039928626103755,-0.8330367227960116,-0.5577288874952148,1322.15,0
32430,-0.3117463308224471,1.0493396105434072,-0.6760173056813688,-0.862317959475543,0.4788755385204616,-1.5356420699261193,0.3896917053200022,0.10255318372626686,-0.1474424899181674,1.5882761071492624,-0.6222074452947179,2.0602981705240784,-0.2254314492280993,-1.2770164449702281,0.0699195809948253,-1.0762452003187681,-0.7517558478135002,0.39703330001549114,0.5555820886501248,-0.6221677002542582,0.9874051450464006,1.157507758021134,1.436301756563291,0.5294134071257222,1.3634287120856987,-1.8807984279740577,-0.31790654862846257,-0.8670052563234263,383.62,0
16957,2.793877646991805,-1.4350613028959112,5.0324949492948505,-4.1425087659884925,0.4137923171902139,-0.2322693299242352,0.07571328795683367,0.006016680436071459,0.4483240659731595,1.165307535547177,1.6473939976033294,0.30962008190916684,0.5895468860356021,-1.150864509185567,-0.08787674241562057,0.940289464883589,0.8659686384171532,0.21160973279505021,0.8863939595679524,0.49076670899381886,1.2003062582593216,0.2893591569571111,-0.35569831557103465,0.33584125693302364,-2.9305943758527757,0.38288573638504947,-3.6484128252147836,-1.723463407405418,975.18,1
12320,-0.001919853176346149,0.4080361768812668,1.6168743984986076,0.13102711619341956,-1.0023439806908012,-0.10972745169429012,-0.03561073619009093,-1.3647416522015654,-0.25583207134082336,-0.7421920939974367,0.9243577571874341,0.03461187418525562,-0.28279574914757005,-0.10618193062257626,0.22312201840616613,0.6168141996897798,-0.9997122286693814,-1.0415876326212719,1.10467921540253,-0.4123368722047306,-1.416842092596874,0.44381270938310463,0.4633698060326869,-1.5307152572567064,0.2294817154636063,0.7355830924283736,0.37438645170626306,0.6319814837613953,935.95,0
49203,0.3310401549961956,-0.30261975947044656,-0.4827901587246448,0.8705556094197265,1.47927451067423,1.794370054600359,1.314807871505905,-0.10973418163018368,0.35272016302634307,0.7668228717842437,0.12117794929946196,0.13076418791154437,0.823753131876182,-0.059282646025932216,-0.7292869363736615,-0.4144730658358585,0.6339103777337424,0.002993291199955732,0.34020997686833787,0.6700792422021898,-0.3748414628976096,0.7562481636298061,0.37884260345839443,-1.2348130869114786,1.4423047911862443,-0.5007447437569161,-1.6550953431851838,-1.0450437095863023,677.2,0
56746,-0.2738505055462372,-0.33683196764059287,0.6197019654824789,0.3398753611927038,0.31604787064428624,0.40982845732869266,0.6161346680022383,-2.107953341777443,-0.3644382522644612,-2.180210064489474,0.03605992679779541,-0.00463297222434532,1.0455322747896802,1.1876343927211208,0.20277504825236733,-0.5003610773968998,0.48516111254573785,-0.5279176373243135,-0.001392651443348899,0.9861363169607678,-0.5577713459894236,0.8056786392425009,0.6774013686923024,-0.9547918171308215,0.973894128217401,0.6985663453715051,0.10192588737265744,-0.7623234580276522,198.4,0
45535,-0.5376625769030224,0.54259446329196,-0.9556251674013979,0.4375122486198699,-1.2417555288783926,-0.20406858443884895,0.10964775457400863,2.4451301450589167,-1.3773156555203674,1.4720145664901334,0.14984241398728004,0.41117191801596314,0.11834791338820451,0.444726818195233,-0.15368510436201774,1.4540501814574582,-0.4564711442247224,1.1322345721792477,-0.6443671202130229,-0.06025184640128695,-1.0719625522902192,0.4550237203475199,1.4451259569265338,-0.07735617982085408,-0.19688569870390954,-1.1146169630679268,-0.2292926535523081,-1.5927942597215277,370.09,0
26244,1.3190131977413961,2.809210861229503,-0.5865850850709007,1.43530015664544,0.2437524804016479,-0.15124764674637586,0.4325944517261522,0.06191648367995918,0.11039572561221853,-0.4083331628266692,-1.3981096597988507,-1.5436252025220816,0.653244883281227,-0.2767000900857134,-0.5960888996561666,0.008505626723153567,0.7949322529156275,0.1803639430263982,-0.6560549366409674,1.2262929556489497,1.579185502981632,0.4945566553228533,0.9736635113440901,1.241959996813811,1.1300993164045137,0.6140991771126236,0.5983470470748828,0.5196605733465026,235.18,0
21756,0.7007231568595857,-1.355813971126554,-0.7945994551250549,1.3035650678080875,0.8402201626941975,1.4873982896858626,-0.27167438368729224,-1.1522488412767675,-0.24043719707034283,0.1020312972405742,0.07898871634000969,1.1336804787567016,-0.36127042500344553,0.35203447180292424,-0.9886271494346061,0.450317278043813,0.003108550185636745,-0.7498133382845175,-0.2358293621748528,-0.18417574651522164,-0.2701551293370962,1.7713412422676835,-0.09844600230787963,-0.24389611017733773,-2.0974509576101417,-0.8942073519794773,-0.26307342445635284,-0.6858526761766428,533.24,0
13870,1.2884442493182524,0.061704634050368024,0.037227836421576635,-0.08879644771250095,0.0037962516214591325,1.7187950030498593,-2.3196107267512183,-2.001545744438679,-0.5431708310561139,0.014527881937568883,0.6901044247640123,0.4730871980274752,-0.3842459128805702,1.0190436932417624,1.030195403152731,0.18405783127156553,0.9626575724868413,0.2726452634321288,-0.5614830267828836,0.6978168390000047,0.11061312257867771,0.001339846754486929,1.4729535721895743,-2.4508721285400865,-1.4176841701595697,-1.18707042637437,-0.3632606475688056,-0.2546081697660301,594.75,0
17121,-0.9851580323108263,-0.8608416785235702,2.457424092075892,1.8017419477471466,-0.4117494176846493,-0.3635832903067989,-1.1492039971882941,-1.9081304132252668,-0.11688018640852403,-0.9978519832440257,-0.08485053166200977,-1.6002058490434774,-0.7619744583102578,0.14862709530283086,0.3662095977839374,0.41747195874201454,-1.3204889841570373,0.8546857301355617,-0.8002116966018503,0.6328579146073064,-0.010638676618193147,-1.3763874990779479,-0.31619770458118795,0.3653637420637676,0.612965380474599,-0.14098789744441861,1.5317788906010528,1.007510770986559,1103.41,0
62400,1.9337934851881868,1.960484600783027,-1.2279998808224974,-0.9265331111571506,1.484918786733851,-1.0582810508376372,-1.322541133291679,-0.4861941306990469,0.42022670947458574,-0.10239670661109637,-0.6505636204055921,-0.674212461724509,-0.7123370644127087,-0.8795096286589426,2.2816328772760617,0.2975110711855549,0.8867590544047386,-0.4890774681189237,-0.18595667718604886,-0.713553981370355,-2.651708334919202,-1.3780092768478662,-1.8106186799803947,-2.2497837779516074,-1.1953589742981028,1.3249556793816308,-0.04443616770435442,1.290563762321174,93.93,0
69823,0.7825588257151592,-0.9008969953045751,0.5239509541926708,0.7287142340743459,-0.5766472922336929,0.5595403706161663,0.5661877585748329,-0.5495526211300829,-1.122768432270995,-1.1841283318982723,0.08650554192146179,0.3270098687893148,-0.7925258304579145,0.02658534132609864,0.5705370361384854,0.6181907146653008,1.5518801201224885,1.2769808321980434,-1.001291432756544,1.6835862095380225,-0.5309765045557148,1.0448728124544275,0.06798662605108885,-0.4121493784569676,-1.8076968597749328,-0.1715645102163482,-1.559383235305609,0.9672992358427723,791.46,0
73626,0.30197074251927114,-0.7253915220079754,-0.6284847301367896,0.7744947038653713,-0.03853826184341251,1.7396480419310116,-0.482232478702921,0.9993363324744892,0.09741341295778198,0.7957780097442332,-0.4471576573299467,-0.04955883755158271,-0.11549887929893475,-0.8360571148457872,0.6620815345817527,0.6502490055783642,0.5935546949055667,1.5369656539176446,1.4493448012363035,-0.37494468984913537,0.37305231843417824,-0.6236006892582127,0.023355316114555456,-0.5997494491188647,1.620070309136051,0.3636981503429628,-0.21802912810442213,1.193618571856377,695.42,0
49493,-2.0141025948652898,0.7958386552197739,0.06046844811736806,0.25044630026076065,-1.3263961033185487,-0.023233710850366202,2.003509410401342,0.8241996197958629,0.1697065451428121,-0.43905391010493766,-0.39457285186939384,-2.1291978892000176,0.2576404209211606,0.8454831084818539,-1.5756193271706151,-0.661416892306816,-1.157464632233422,-0.9653511948087635,0.05348162682190022,-2.0844021549884744,0.614270438357064,0.7538550699336822,-0.2511025880369125,-2.4807085099845416,-0.9964186260023896,1.2329019341026966,-2.7779942807285725,-0.34752341219351923,1278.96,0
21692,-1.2265030910399553,-3.308854891205517,5.169262673036919,-0.18314516990943774,-0.20294194367537022,0.37604436962261134,-1.485055479127436,1.190413563293744,-0.7605088480713647,-0.5607541640877456,-0.022247794849210738,-1.5628843453398495,0.228770028928938,0.9674662729250108,0.2929338234972916,-1.588897564178725,-0.12380929432965958,0.7420289029794906,-1.8779887659659078,-1.074766013817714,0.87654360408152,0.27009543419728654,0.41197158212675383,1.8594948076233115,0.4685527785062026,0.6578880104331793,2.710745527218326,-0.2138045580904907,1472.25,1
21465,0.3268434703880229,-0.7322853814020757,0.9159303022795986,-0.1091451515613345,-0.25288144631783127,0.5622728719144933,-1.29188226823169,0.3526272039171724,1.9129548077317522,0.46617766219731077,-0.3762121037834645,-0.507105280428242,-0.41033997334510935,-0.25396267804778105,-0.377806532758272,0.9163114410745667,-1.7332091032089831,0.862000050412134,-0.3796865251425611,0.37694778569537224,-1.1269879102008638,1.328631066849436,1.245634960171873,0.9595905257500736,-1.5147547757935393,0.8291210710660528,0.4048550876357089,-1.6052712471325676,1438.27,0
56994,0.5560752738231508,0.17726136694885572,0.2912314168473797,1.4736113922530956,1.2260339099106798,-2.8670549537827434,-0.317438554837682,-0.16465102754395128,-1.7520985727269711,0.09418305823231217,1.2487577724105066,-1.0865678595905903,0.3364009386898723,-0.9158234772964378,-0.6719120236796768,1.477393634170035,-0.542557820111825,0.46221248901062467,-1.871218116060987,1.8623175613948801,0.602652446306499,-0.18249984265026167,0.5755465099998948,-1.4098194289478103,1.1825307417526572,-0.3239847754964302,-0.2040695150484347,-0.49165561496548443,1194.7,0
23030,0.6946706116284086,0.25590685010422287,0.6517481414030399,-0.008794689485571452,0.513199811077181,-0.41884874392503835,2.2297318414095484,-1.5679304164304986,1.2609373235629844,1.3679074507209708,-0.8521588059655938,2.2292736105559734,0.9954902829453182,0.9711390068229115,0.028022187025876687,-0.21722615821867644,-0.20940882703960811,0.3905305963195172,1.4011862750338961,0.1813142178614196,-0.9114436231372903,0.8244270623849798,0.9211507463947922,0.6546595284477861,0.7454989065249826,-0.2709281301578081,-0.9289891671305796,-0.8681934306407798,296.71,0
56784,-0.08344878322659362,-0.43998770452970876,-2.95561882434507,-1.247317469694169,1.1208406514031668,-0.664626000063131,0.3605916776568414,-1.3906854299752562,1.4387054823592311,-0.1440276600546764,0.2900403964835352,2.325779791881685,1.5164401005894037,-0.3065656212870578,-0.5932201848703592,-0.3255450115195318,0.5098982484765356,-0.10522413425087113,-0.39524414500347166,1.4671812507090423,-0.11420989177783689,2.2995890930373193,0.09074256375217302,1.7853183942247275,0.3573194227106268,0.9629605732494478,-0.7246110515177244,-0.8537592225874118,781.73,0
51254,0.9885532424653152,0.040256502000462865,-1.2863933350836971,-1.360258366289327,-1.4271364021862412,-1.767622112939381,0.10948535944708751,1.1250439217080253,-0.013415786924808768,-2.2604147573378524,-0.19076046033454871,-0.1627989966326071,2.0959987502254394,-1.4571379129195563,-0.3906776025991957,1.7058526805445642,0.44997834134654807,0.5633130735164247,0.11458443702387822,0.32994353865726456,0.777609530278536,-0.8094863188927663,0.8780585789081998,-1.3730030168855392,0.3283679728315381,0.17874096328632716,-0.6162930881921079,-0.022685275325646737,640.5,0
